Day,Len,State,EV,Dem,GOP,Ind,Date,,,,,,,,Pollster
190.5,4,Alabama,,32,47,,Jul 11,,,,,,,,Every Kid Foundation-4
254.0,3,Alaska,,52,48,,Sep 12,,,,,,,,AK Survey Research-3
252.5,4,Alaska,,46,41,,Sep 11,,,,,,,,Fabrizio + Anzalone-4
252.5,4,Alaska,,53,47,,Sep 11,,,,,,,,Fabrizio + Anzalone-4
233.5,4,Alaska,,51,49,,Aug 23,,,,,,,,AK Survey Research-4
215.5,4,Alaska,,51,49,,Aug 05,,,,,,,,AK Survey Research-4
173.0,15,Alaska,,45,47,,Jun 29,,,,,,,,Siena U.-15
156.5,4,Alaska,,49,44,,Jun 07,,,,,,,,AK Survey Research-4
135.5,4,Alaska,,48,44,,May 17,,,,,,,,AK Survey Research-4
107.5,4,Alaska,,50,44,,Apr 19,,,,,,,,AK Survey Research-4
 79.5,4,Alaska,,52,48,,Mar 22,,,,,,,,AK Survey Research-4
 16.5,2,Alaska,,49,47,,Jan 17,,,,,,,,PPP-2
  9.5,4,Alaska,,48,46,,Jan 11,,,,,,,,AK Survey Research-4
228.0,5,Arkansas,,35,51,,Aug 18,,,,,,,,J.L.Partners-5
223.5,2,Arkansas,,47,44,03,Aug 12,,,,,,,,Hendrix Coll.-2
 39.0,3,Arkansas,,36,58,,Feb 09,,,,,,,,Gray House-3
  1.0,1,Colorado,,53,44,,Jan 01,,,,,,,,Election 2020-1
  1.0,1,Delaware,,60,38,,Jan 01,,,,,,,,Election 2020-1
260.5,8,Florida,,40,51,,Sep 21,,,,,,,,Stetson U.-8
259.0,3,Florida,,45,45,,Sep 17,,,,,,,,St. Pete Polls-3
259.5,4,Georgia,,51,41,,Sep 18,,,,,,,,YouGov-4
195.5,4,Georgia,,52,43,,Jul 16,,,,,,,,Fabrizio + Anazlone-4
179.5,4,Georgia,,47,43,,Jun 30,,,,,,,,Wick-4
176.0,5,Georgia,,56,43,,Jun 27,,,,,,,,Beacon + Shaw-5
134.5,4,Georgia,,52,43,,May 16,,,,,,,,Fabrizio + Anzalone-4
 60.0,3,Georgia,,48,43,,Mar 02,,,,,,,,Emerson Coll.-3
  1.0,1,Idaho,,33,62,,Jan 01,,,,,,,,Election 2020-1
  1.0,1,Illinois,,54,40,,Jan 01,,,,,,,,Election 2020-1
261.5,4,Iowa,,50,42,,Sep 20,,,,,,,,Marist Coll.-4
243.5,2,Iowa,,45,50,,Sep 01,,,,,,,,Emerson Coll.-2
240.0,3,Iowa,,48,50,,Aug 29,,,,,,,,Wedgewood Polls-3
233.5,4,Iowa,,41,45,,Aug 23,,,,,,,,Suffolk U.-4
215.0,3,Iowa,,45,48,,Aug 04,,,,,,,,Emerson Coll.-3
176.0,5,Iowa,,50,46,,Jun 27,,,,,,,,Beacon + Shaw-5
172.0,13,Iowa,,46,48,,Jun 27,,,,,,,,Siena U.-13
168.5,4,Iowa,,44,46,,Jun 19,,,,,,,,Cygnal-4
160.5,4,Iowa,,47,45,,Jun 11,,,,,,,,GSG-4
154.5,2,Iowa,,46,46,,Jun 04,,,,,,,,PPP-2
266.0,3,Kansas,,50,48,,Sep 24,,,,,,,,Wedgewood Polls-3
258.5,2,Kansas,,45,43,,Sep 16,,,,,,,,Emerson Coll.-2
  1.0,1,Kentucky,,38,58,,Jan 01,,,,,,,,Election 2020-1
202.5,2,Louisiana,,37,41,,Jul 22,,,,,,,,PPP-2
262.0,5,Maine,,51,47,,Sep 21,,,,,,,,U. of New Hampshire-5
261.5,8,Maine,,46,49,,Sep 22,,,,,,,,Siena U.-8
248.5,18,Maine,,48,43,,Sep 14,,,,,,,,U. of Massachusetts-18
248.0,7,Maine,,48,44,,Sep 08,,,,,,,,YouGov-7
246.0,7,Maine,,48,45,,Sep 06,,,,,,,,SSRS for CNN-7
220.0,5,Maine,,48,46,,Aug 10,,,,,,,,Beacon + Shaw-5
198.5,6,Maine,,49,46,,Jul 20,,,,,,,,U. of New Hampshire-6
188.5,2,Maine,,49,44,,Jul 08,,,,,,,,PPP-2
262.0,5,Massachusetts,,53,30,,Sep 21,,,,,,,,U. of New Hampshire-5
220.5,8,Massachusetts,,51,30,,Aug 12,,,,,,,,U. of Massachusetts-8
171.5,6,Massachusetts,,50,34,,Jun 23,,,,,,,,U. New Hampshire-6
147.5,4,Massachusetts,,55,30,,May 29,,,,,,,,Suffolk U.-4
261.5,8,Michigan,,49,44,,Sep 22,,,,,,,,Siena U.-8
261.0,5,Michigan,,47,40,,Sep 20,,,,,,,,Suffolk U.-5
256.0,3,Michigan,,48,46,,Sep 14,,,,,,,,Emerson Coll.-3
255.0,5,Michigan,,48,45,,Sep 14,,,,,,,,Washington Post-5
246.0,7,Michigan,,47,44,,Sep 06,,,,,,,,SSRS for CNN-7
244.5,4,Michigan,,44,46,,Sep 03,,,,,,,,Glengariff Group-4
237.0,7,Michigan,,47,43,,Aug 28,,,,,,,,EPIC-MRA-7
227.0,11,Michigan,,50,45,,Aug 20,,,,,,,,YouGov-11
226.0,7,Michigan,,46,39,,Aug 17,,,,,,,,Susquehanna-7
222.0,3,Michigan,,48,47,,Aug 11,,,,,,,,Fabrizio + Anzalone-3
221.0,3,Michigan,,47,51,,Aug 10,,,,,,,,Beacon + Shaw-3
208.5,8,Michigan,,43,46,,Jul 31,,,,,,,,EPIC-MRA-8
204.0,3,Michigan,,39,49,,Jul 24,,,,,,,,Glengariff Group-3
119.5,4,Michigan,,40,45,,May 01,,,,,,,,Glengariff Group-4
 24.5,2,Michigan,,43,43,,Jan 25,,,,,,,,Emerson Coll.-2
  4.0,5,Michigan,,43,43,,Jan 06,,,,,,,,Glengariff Group-5
254.5,6,Minnesota,,42,42,,Sep 14,,,,,,,,SurveyUSA-6
227.0,5,Minnesota,,46,41,,Aug 17,,,,,,,,SurveyUSA-5
 37.0,1,Minnesota,,47,41,,Feb 06,,,,,,,,Emerson Coll.-1
100.0,5,Mississippi,,44,47,,Apr 12,,,,,,,,Impact Research-5
244.5,12,Montana,,16,38,30,Sep 07,,,,,,,,Rutgers-Eagleton-12
201.0,15,Montana,,22,38,26,Jul 27,,,,,,,,Tavern + Bullfinch-15
174.5,2,Montana,,23,44,21,Jun 24,,,,,,,,Grayhouse + Hart-2
258.0,3,Nebraska,,0,52,48,Sep 16,,,,,,,,Wedgewood Polls-3
253.5,6,Nebraska,,0,42,46,Sep 13,,,,,,,,SurveyUSA-6
262.0,5,New Hampshire,,50,42,,Sep 21,,,,,,,,U. of New Hampshire-5
261.5,8,New Hampshire,,50,45,,Sep 22,,,,,,,,Siena U.-8
176.5,4,New Hampshire,,43,42,,Jun 27,,,,,,,,Peak Insights-4
175.5,2,New Hampshire,,47,41,,Jun 25,,,,,,,,Saint Anselm Coll.-2
109.0,5,New Hampshire,,49,42,,Apr 21,,,,,,,,U. of New Hampshire-5
 76.0,3,New Hampshire,,46,43,,Mar 18,,,,,,,,Saint Anselm Coll.-3
 71.0,23,New Hampshire,,45,44,,Mar 23,,,,,,,,Emerson Coll.-23
 17.0,5,New Hampshire,,50,45,,Jan 19,,,,,,,,U. of New Hampshire-5
  1.0,1,New Jersey,,61,38,,Jan 01,,,,,,,,Election 2020-1
236.5,8,New Mexico,,53,38,,Aug 28,,,,,,,,Research and Polling-8
259.5,4,North Carolina,,53,41,,Sep 18,,,,,,,,YouGov-4
254.0,11,North Carolina,,50,42,,Sep 16,,,,,,,,High Point U.-11
244.5,4,North Carolina,,52,44,,Sep 03,,,,,,,,East Carolina U.-4
238.0,11,North Carolina,,49,38,,Aug 31,,,,,,,,YouGov-11
219.5,10,North Carolina,,50,45,,Aug 12,,,,,,,,High Point U.-10
208.0,9,North Carolina,,53,42,,Jul 31,,,,,,,,Elon U.-9
206.0,5,North Carolina,,53,44,,Jul 27,,,,,,,,Beacon + Shaw-5
190.5,2,North Carolina,,48,44,,Jul 10,,,,,,,,PPP-2
172.0,13,North Carolina,,50,43,,Jun 27,,,,,,,,Siena U.-13
153.5,4,North Carolina,,48,34,,Jun 04,,,,,,,,YouGov-4
112.5,4,North Carolina,,50,41,,Apr 24,,,,,,,,Opinion Diagnostics-4
 90.5,12,North Carolina,,50,42,,Apr 06,,,,,,,,High Point U.-12
 72.5,2,North Carolina,,47,44,,Mar 14,,,,,,,,PPP-2
 72.5,10,North Carolina,,48,34,,Mar 18,,,,,,,,YouGov-10
251.5,2,Ohio,,47,42,,Sep 09,,,,,,,,Insider Advantage-2
248.5,10,Ohio,,48,45,,Sep 10,,,,,,,,YouGov-10
224.0,3,Ohio,,48,44,,Aug 13,,,,,,,,Wedgewood Polls-3
220.0,5,Ohio,,53,45,,Aug 10,,,,,,,,Beacon + Shaw-5
172.5,14,Ohio,,47,50,,Jun 28,,,,,,,,Siena U.-14
166.0,3,Ohio,,48,45,,Jun 16,,,,,,,,Fabrizio + Anzalone-3
150.0,5,Ohio,,53,45,,Jun 01,,,,,,,,Beacon + Shaw-5
100.5,8,Ohio,,47,50,,Apr 14,,,,,,,,YouGov-8
 47.0,13,Ohio,,51,47,,Feb 22,,,,,,,,EMC Research-13
  1.0,1,Oklahoma,,33,63,,Jan 01,,,,,,,,Election 2020-1
  1.0,1,Oregon,,58,39,,Jan 01,,,,,,,,Election 2020-1
262.0,5,Rhode Island,,53,33,,Sep 21,,,,,,,,U. of New Hampshire-5
171.5,6,Rhode Island,,52,35,,Jun 23,,,,,,,,U. of New Hampshire-6
108.0,5,Rhode Island,,52,34,,Apr 20,,,,,,,,U. of New Hampshire-5
239.0,3,South Carolina,,38,51,,Aug 28,,,,,,,,Abacus Data-3
149.5,2,South Dakota,,18,43,23,May 30,,,,,,,,PPP-2
  1.0,1,Tennessee,,35,62,,Jan 01,,,,,,,,Election 2020-1
263.5,4,Texas,,49,44,,Sep 22,,,,,,,,Texas Public Opinion Res.-4
261.5,4,Texas,,50,44,,Sep 20,,,,,,,,Marist Coll.-4
260.0,5,Texas,,47,46,,Sep 19,,,,,,,,YouGov-5
256.0,3,Texas,,47,46,,Sep 14,,,,,,,,Emerson Coll.-3
252.5,4,Texas,,49,43,,Sep 11,,,,,,,,Siena U.-4
252.0,3,Texas,,46,43,,Sep 10,,,,,,,,Mason Dixon-3
243.0,3,Texas,,48,44,,Sep 01,,,,,,,,Fabrizio + Anzalone-3
243.0,9,Texas,,48,43,,Sep 04,,,,,,,,YouGov-9
237.0,3,Texas,,50,50,,Aug 26,,,,,,,,Overton Insights-3
221.0,9,Texas,,42,39,,Aug 13,,,,,,,,YouGov-9
220.5,2,Texas,,46,47,,Aug 09,,,,,,,,Emerson Coll.-2
209.5,4,Texas,,47,43,,Jul 30,,,,,,,,Siena U.-4
209.5,4,Texas,,47,43,,Jul 30,,,,,,,,YouGov-4
209.5,4,Texas,,47,45,,Jul 30,,,,,,,,Texas Southern U.-4
206.0,5,Texas,,51,48,,Jul 27,,,,,,,,Beacon + Shaw-5
197.0,3,Texas,,45,40,,Jul 17,,,,,,,,Texas Public Opinion Res.-3
176.5,6,Texas,,48,46,,Jun 28,,,,,,,,A2 Insights-6
174.0,9,Texas,,47,47,,Jun 27,,,,,,,,Siena U.-9
159.5,8,Texas,,42,43,,Jun 12,,,,,,,,U. Texas-8
159.5,8,Texas,,42,43,,Jun 12,,,,,,,,YouGov-8
153.5,4,Texas,,46,46,,Jun 04,,,,,,,,Siena U.-4
147.5,2,Texas,,47,44,,May 28,,,,,,,,Texas Public Opinion Res.-2
142.5,2,Texas,,45,38,,May 23,,,,,,,,PPP-2
119.0,15,Texas,,45,45,,May 06,,,,,,,,Texas Southern U.-15
119.0,15,Texas,,45,45,,May 06,,,,,,,,YouGov-15
108.5,4,Texas,,46,41,,Apr 20,,,,,,,,Texas Public Opinion Res.-4
105.0,11,Texas,,42,34,,Apr 20,,,,,,,,YouGov-11
 63.5,2,Texas,,47,45,,Mar 05,,,,,,,,PPP-2
 20.5,2,Texas,,44,46,,Jan 21,,,,,,,,YouGov-2
 11.0,3,Texas,,46,46,,Jan 12,,,,,,,,Emerson Coll.-3
123.0,5,Virginia,,55,29,,May 05,,,,,,,,Public Sentiment Inst.-5
  1.0,1,West Virginia,,33,65,,Jan 01,,,,,,,,Election 2020-1
  1.0,1,Wyoming,,27,73,,Jan 01,,,,,,,,Election 2020-1
